标题,"简写作者,期刊,时间,出版商",简写摘要,引用,被引用次数,文献链接
Aspartate aminotransferase (AST/GOT) and alanine aminotransferase (ALT/GPT) detection techniques,"XJ Huang, YK Choi, HS Im, O Yarimaga, E Yoon… - Sensors, 2006 - mdpi.com","… ALT/GPT in monitoring patients with liver diseases, AST/GOT and ALT/GPT detection have
… AST/GOT and ALT/GPT detection technologies (we call them GOT and GPT in the following …","<selenium.webdriver.remote.webelement.WebElement (session=""5046c79aea5ea6d15e7e98771040090b"", element=""95a88e6c-581b-4446-837b-d67927f7d968"")>",被引用次数：482,https://www.mdpi.com/1424-8220/6/7/756/pdf
Chatting about ChatGPT: how may AI and GPT impact academia and libraries?,"BD Lund, T Wang - Library Hi Tech News, 2023 - emerald.com","Purpose This paper aims to provide an overview of key definitions related to ChatGPT, a
public tool developed by OpenAI, and its underlying technology, Generative Pretrained …","<selenium.webdriver.remote.webelement.WebElement (session=""5046c79aea5ea6d15e7e98771040090b"", element=""fa1ef6d1-9ee0-4c58-af6e-e1bb6be9dd95"")>",被引用次数：482,https://www.researchgate.net/profile/Brady-Lund/publication/367161545_Chatting_about_ChatGPT_How_may_AI_and_GPT_impact_academia_and_libraries/links/6412235c315dfb4cce80f0e4/Chatting-about-ChatGPT-How-may-AI-and-GPT-impact-academia-and-libraries.pdf
Gpt-gnn: Generative pre-training of graph neural networks,"Z Hu, Y Dong, K Wang, KW Chang, Y Sun - Proceedings of the 26th ACM …, 2020 - dl.acm.org","… Based on this task, we present the GPT-GNN framework for generative pretraining of graph
… framework GPT-GNN to conduct generative pre-training with the aforementioned task. GPT-…","<selenium.webdriver.remote.webelement.WebElement (session=""5046c79aea5ea6d15e7e98771040090b"", element=""d521f327-ac8b-447b-b575-ac688acc842e"")>",被引用次数：482,https://dl.acm.org/doi/pdf/10.1145/3394486.3403237
"[HTML] GPT-3: Its nature, scope, limits, and consequences","L Floridi, M Chiriatti - Minds and Machines, 2020 - Springer","In this commentary, we discuss the nature of reversible and irreversible questions, that is,
questions that may enable one to identify the nature of the source of their answers. We then …","<selenium.webdriver.remote.webelement.WebElement (session=""5046c79aea5ea6d15e7e98771040090b"", element=""04ca22d6-d07b-4343-8f54-1f28392445cd"")>",被引用次数：482,https://link.springer.com/article/10.1007/s11023-020-09548-1
What Makes Good In-Context Examples for GPT-?,"J Liu, D Shen, Y Zhang, B Dolan, L Carin… - arXiv preprint arXiv …, 2021 - arxiv.org","… found that the empirical results of GPT-3 depend heavily on … (relative to random sampling)
that better leverage GPT3’s few-shot … as more informative inputs to unleash GPT-3’s extensive …","<selenium.webdriver.remote.webelement.WebElement (session=""5046c79aea5ea6d15e7e98771040090b"", element=""fd63c04b-de15-4ee1-a55c-a5feed356321"")>",被引用次数：482,https://arxiv.org/pdf/2101.06804
[HTML] A commentary of GPT-3 in MIT Technology Review 2021,"M Zhang, J Li - Fundamental Research, 2021 - Elsevier","… setting, GPT-1 still has some generalization ability. These results have shown the power of
GPT … Based on GPT-1, GPT-2 included five minor improvements to the model structure, added …","<selenium.webdriver.remote.webelement.WebElement (session=""5046c79aea5ea6d15e7e98771040090b"", element=""b7485ddc-c3a1-44cf-b020-9fd443d40f42"")>",被引用次数：482,https://www.sciencedirect.com/science/article/pii/S2667325821002193
"How contextual are contextualized word representations? comparing the geometry of BERT, ELMo, and GPT-2 embeddings","K Ethayarajh - arXiv preprint arXiv:1909.00512, 2019 - arxiv.org","… The contextualizing models we study in this paper are ELMo, BERT, and GPT-21. We
choose the base cased version of BERT because it is most comparable to GPT-2 with respect to …","<selenium.webdriver.remote.webelement.WebElement (session=""5046c79aea5ea6d15e7e98771040090b"", element=""91543ede-e461-4758-8680-3e31a4c6db65"")>",被引用次数：482,https://arxiv.org/pdf/1909.00512
"GPT understands, too","X Liu, Y Zheng, Z Du, M Ding, Y Qian, Z Yang… - arXiv preprint arXiv …, 2021 - arxiv.org","While GPTs with traditional fine-tuning fail to achieve strong results on natural language
understanding (NLU), we show that GPTs can be better than or comparable to similar-sized …","<selenium.webdriver.remote.webelement.WebElement (session=""5046c79aea5ea6d15e7e98771040090b"", element=""3f657023-0e4f-4deb-99e7-0d962fccfe07"")>",被引用次数：482,https://arxiv.org/pdf/2103.10385
Using cognitive psychology to understand GPT-3,"M Binz, E Schulz - Proceedings of the National Academy of …, 2023 - National Acad Sciences","… model (GPT-3) do experiments from the cognitive psychology literature. We find that GPT-3
can … the cognitive psychology literature to demystify how GPT-3 solves different tasks and use …","<selenium.webdriver.remote.webelement.WebElement (session=""5046c79aea5ea6d15e7e98771040090b"", element=""eb470fbf-501e-458d-a533-6b7785f98205"")>",被引用次数：482,https://www.pnas.org/doi/full/10.1073/pnas.2218523120
Escherichia coli gpt gene provides dominant selection for vaccinia virus open reading frame expression vectors,"FG Falkner, B Moss - Journal of virology, 1988 - Am Soc Microbiol","… of developing a coexpression vector similar to that described here for gpt. In summary, gpt
selection provides a number of important advantages over previous procedures devised to …","<selenium.webdriver.remote.webelement.WebElement (session=""5046c79aea5ea6d15e7e98771040090b"", element=""d74faca8-fe65-4ef2-8c99-6805c3bea1f1"")>",被引用次数：482,https://www.ncbi.nlm.nih.gov/pmc/articles/PMC253265/pdf/jvirol00085-0019.pdf
"Hello, it's GPT-2--how can I help you? towards the use of pretrained language models for task-oriented dialogue systems","P Budzianowski, I Vulić - arXiv preprint arXiv:1907.05774, 2019 - arxiv.org","… We use the open-source implementation of the GPT architecture that provides both GPT
and GPT-2 fine-tunable checkpoints.Following previous work (Radford et al., 2018; Wolf et al.…","<selenium.webdriver.remote.webelement.WebElement (session=""5046c79aea5ea6d15e7e98771040090b"", element=""145a01ff-7f31-4239-b7c7-c907d9403fe2"")>",被引用次数：246,https://arxiv.org/pdf/1907.05774
GPT-3: What's it good for?,"R Dale - Natural Language Engineering, 2021 - cambridge.org","GPT-3 made the mainstream media headlines this year, generating far more interest than
we’d normally expect of a technical advance in NLP. People are fascinated by its ability to …","<selenium.webdriver.remote.webelement.WebElement (session=""5046c79aea5ea6d15e7e98771040090b"", element=""ab7460dc-04f3-4e78-ab28-0227c1e556ee"")>",被引用次数：246,https://www.cambridge.org/core/services/aop-cambridge-core/content/view/0E05CFE68A7AC8BF794C8ECBE28AA990/S1351324920000601a.pdf/gpt3_whats_it_good_for.pdf
Sparks of artificial general intelligence: Early experiments with gpt-4,"S Bubeck, V Chandrasekaran, R Eldan… - arXiv preprint arXiv …, 2023 - arxiv.org","… GPT-4’s performance is strikingly close to human-level performance, and often vastly surpasses
prior models such as ChatGPT. Given the breadth and depth of GPT… exploration of GPT-4…","<selenium.webdriver.remote.webelement.WebElement (session=""5046c79aea5ea6d15e7e98771040090b"", element=""b95c904f-1488-445d-af33-346f3f0a88e7"")>",被引用次数：246,https://arxiv.org/pdf/2303.12712
Gpt-neox-20b: An open-source autoregressive language model,"S Black, S Biderman, E Hallahan, Q Anthony… - arXiv preprint arXiv …, 2022 - arxiv.org","… In studying GPT-NeoX-20B, we find several noteworthy phenomena at odds with the … to
GPT-3 and doesn’t apply to either GPT-NeoX-20B or FairSeq models. Finally, we find that GPT-…","<selenium.webdriver.remote.webelement.WebElement (session=""5046c79aea5ea6d15e7e98771040090b"", element=""43074c35-3fbb-4693-8a60-e88f4510ab55"")>",被引用次数：246,https://arxiv.org/pdf/2204.06745
End-to-end neural pipeline for goal-oriented dialogue systems using GPT-2,"D Ham, JG Lee, Y Jang, KE Kim - … of the 58th annual meeting of …, 2020 - aclanthology.org","… Our system consists of (1) the GPT-2 model finetuned on the delexicalized version of …
mentioned before, GPT-2 invokes the query module to interact with the database. However, GPT-2 …","<selenium.webdriver.remote.webelement.WebElement (session=""5046c79aea5ea6d15e7e98771040090b"", element=""fe97cbd2-3888-40f9-b4b8-ad513eee0ffb"")>",被引用次数：246,https://aclanthology.org/2020.acl-main.54.pdf
The radicalization risks of GPT-3 and advanced neural language models,"K McGuffie, A Newhouse - arXiv preprint arXiv:2009.06807, 2020 - arxiv.org","… radical ideologies, we find that GPT-3 demonstrates significant improvement over its
predecessor, GPT-2, in generating extremist texts. We also show GPT-3's strength in generating text …","<selenium.webdriver.remote.webelement.WebElement (session=""5046c79aea5ea6d15e7e98771040090b"", element=""6e345117-b3bb-47ac-a319-a722dba028d6"")>",被引用次数：246,"https://arxiv.org/pdf/2009.06807.pdf),"
Locating and editing factual associations in GPT,"K Meng, D Bau, A Andonian… - Advances in Neural …, 2022 - proceedings.neurips.cc","… 2021), but GPT has architectural differences such as … activations within GPT using causal
mediation analysis (Pearl… Then to elicit the fact in GPT, we provide a natural language …","<selenium.webdriver.remote.webelement.WebElement (session=""5046c79aea5ea6d15e7e98771040090b"", element=""ce7bf0ee-7dbf-4e08-8e9b-2bc5054aa128"")>",被引用次数：246,https://proceedings.neurips.cc/paper_files/paper/2022/file/6f1d43d5a82a37e89b0665b33bf3a182-Paper-Conference.pdf
Ubar: Towards fully end-to-end task-oriented dialog system with gpt-2,"Y Yang, Y Li, X Quan - Proceedings of the AAAI Conference on Artificial …, 2021 - ojs.aaai.org","This paper presents our task-oriented dialog system UBAR which models task-oriented
dialogs on a dialog session level. Specifically, UBAR is acquired by fine-tuning the large pre-…","<selenium.webdriver.remote.webelement.WebElement (session=""5046c79aea5ea6d15e7e98771040090b"", element=""c1b60a61-43fc-420d-b1f0-da825c5e4d88"")>",被引用次数：246,https://ojs.aaai.org/index.php/AAAI/article/view/17674/17481
Patent claim generation by fine-tuning OpenAI GPT-2,"JS Lee, J Hsiang - World Patent Information, 2020 - Elsevier","… on fine-tuning an OpenAI GPT-2 pre-trained model for generating patent claims. GPT-2 has
… patent claims by machines and being the first to apply GPT-2 to patent claim generation, (2) …","<selenium.webdriver.remote.webelement.WebElement (session=""5046c79aea5ea6d15e7e98771040090b"", element=""266d94a7-36c1-437e-9f97-e17a548027c4"")>",被引用次数：246,https://arxiv.org/pdf/1907.02052
Bailando: 3d dance generation by actor-critic gpt with choreographic memory,"L Siyao, W Yu, T Gu, C Lin, Q Wang… - Proceedings of the …, 2022 - openaccess.thecvf.com","… Then, we introduce a motion GPT to translate the music feature and source pose codes
to … beats, we propose actor critic learning on the motion GPT with our newly designed beat-align …","<selenium.webdriver.remote.webelement.WebElement (session=""5046c79aea5ea6d15e7e98771040090b"", element=""908c7077-6790-46c1-b697-85015db22573"")>",被引用次数：246,http://openaccess.thecvf.com/content/CVPR2022/papers/Siyao_Bailando_3D_Dance_Generation_by_Actor-Critic_GPT_With_Choreographic_Memory_CVPR_2022_paper.pdf
"Changes with different diets in plasma enzymes (GOT, GPT, LDH, ALP) and plasma lipids (cholesterol, triglycerides) of sea-bass (Dicentrarchus labrax)","P Lemaire, P Drai, A Mathieu, S Lemaire, S Carriere… - Aquaculture, 1991 - Elsevier","… Initial GPT activity was 4 to 5 times higher in the fish given diets A and B than in the wild
fish, … GPT levels decreased regularly thereafter for the fish given diet B; by contrast, GPT …","<selenium.webdriver.remote.webelement.WebElement (session=""5046c79aea5ea6d15e7e98771040090b"", element=""ca01ec0f-c1f3-40fc-9bb5-2f8ef5e7f94f"")>",被引用次数：187,没有链接
Testing of global pressure/temperature (GPT) model and global mapping function (GMF) in GPS analyses,"J Kouba - Journal of Geodesy, 2009 - Springer","… for by the seasonal GPT model pressure values or the a … data for a priori z h , the GPT-based
PPP height repeatabilities are … larger than those caused by the GPT a priori pressure errors. …","<selenium.webdriver.remote.webelement.WebElement (session=""5046c79aea5ea6d15e7e98771040090b"", element=""290dd6de-758a-49c7-bc3f-859019630742"")>",被引用次数：187,https://www.researchgate.net/profile/Jan-Kouba/publication/226357140_Testing_of_global_pressuretemperature_GPT_model_and_global_mapping_function_GMF_in_GPS_analyses/links/54381e1d0cf204cab1d59e0f/Testing-of-global-pressure-temperature-GPT-model-and-global-mapping-function-GMF-in-GPS-analyses.pdf
AI as the next GPT: a Political-Economy Perspective,M Trajtenberg - 2018 - nber.org,"… Yet, as many occupations will indeed vanish with the advent of AI as the new General
Purpose Technology (GPT), we should search for ways to ameliorate the detrimental effects of AI, …","<selenium.webdriver.remote.webelement.WebElement (session=""5046c79aea5ea6d15e7e98771040090b"", element=""69c37275-3c28-45f0-be52-04b342db2887"")>",被引用次数：187,https://www.nber.org/system/files/working_papers/w24245/w24245.pdf
CD20-TCB with Obinutuzumab Pretreatment as Next-Generation Treatment of Hematologic MalignanciesCD20-TCB with Gpt in Hematologic Malignancies,"M Bacac, S Colombetti, S Herter, J Sam, M Perro… - Clinical Cancer …, 2018 - AACR","… single administration of obinutuzumab (Gazyva pretreatment, Gpt) prior to the first infusion
of CD20-TCB. Our data provide evidence that Gpt abrogated cytokine release of the first CD20…","<selenium.webdriver.remote.webelement.WebElement (session=""5046c79aea5ea6d15e7e98771040090b"", element=""b0123327-0a6c-4fc8-aaa6-ba16390b4ca9"")>",被引用次数：187,没有链接
Gender and representation bias in GPT-3 generated stories,"L Lucy, D Bamman - Proceedings of the Third Workshop on …, 2021 - aclanthology.org","… Our experiments compare GPT-3’s stories with literature as a … GPT-3 stories, as well as the
amount of attention given to characters’ appearances, intellect, and power. We find that GPT-3’…","<selenium.webdriver.remote.webelement.WebElement (session=""5046c79aea5ea6d15e7e98771040090b"", element=""5568256d-fcc8-4f07-8560-f34990afd5e6"")>",被引用次数：187,https://aclanthology.org/2021.nuse-1.5.pdf
As good as new. how to successfully recycle english gpt-2 to make models for other languages,"W de Vries, M Nissim - arXiv preprint arXiv:2012.05628, 2020 - arxiv.org","… GPT-2 to … GPT-2 small to the GPT-2 medium embedding space. This method minimises the
amount of training and prevents losing information during adaptation that was learned by GPT…","<selenium.webdriver.remote.webelement.WebElement (session=""5046c79aea5ea6d15e7e98771040090b"", element=""b10a0307-40d3-4510-94d8-fee3bd925179"")>",被引用次数：187,https://arxiv.org/pdf/2012.05628
"… of sublethal ammonia concentrations on common carp (Cyprinus carpio L.). II. Effect of ammonia on blood plasma transaminases (GOT, GPT), G1DH enzyme activity …","G Jeney, J Nemcsok, ZS Jeney, J Olah - Aquaculture, 1992 - Elsevier","… Effects of ammonia during the 96-h treatment were significantly increased blood serum GOT,
GPT … The enzyme GPT was very sensitive to environmental changes. The potential role of …","<selenium.webdriver.remote.webelement.WebElement (session=""5046c79aea5ea6d15e7e98771040090b"", element=""1cc4689e-17f4-415f-af4f-50e9504e522a"")>",被引用次数：187,没有链接
[HTML] Genotoxic responses to titanium dioxide nanoparticles and fullerene in gpt delta transgenic MEF cells,"A Xu, Y Chai, T Nohmi, TK Hei - Particle and …, 2009 - particleandfibretoxicology …","Titanium dioxide (TiO2) nanoparticles and fullerene (C60) are two attractive manufactured
nanoparticles with great promise in industrial and medical applications. However, little is …","<selenium.webdriver.remote.webelement.WebElement (session=""5046c79aea5ea6d15e7e98771040090b"", element=""752339b7-8c17-4790-b71e-d2a71a5257cb"")>",被引用次数：187,https://particleandfibretoxicology.biomedcentral.com/articles/10.1186/1743-8977-6-3
"Revolutionizing radiology with GPT-based models: Current applications, future possibilities and limitations of ChatGPT","A Lecler, L Duron, P Soyer - Diagnostic and Interventional Imaging, 2023 - Elsevier","… of GPT-based … for GPT-based models in the field of radiology at large will be developed,
further enhancing the role of technology in the diagnostic process. ChatGPT is a variant of GPT …","<selenium.webdriver.remote.webelement.WebElement (session=""5046c79aea5ea6d15e7e98771040090b"", element=""b009b37c-a802-4034-bece-acc67d4d0f2c"")>",被引用次数：187,没有链接
"Benefits, limits, and risks of GPT-4 as an AI Chatbot for medicine","P Lee, S Bubeck, J Petro - New England Journal of Medicine, 2023 - Mass Medical Soc","… The interaction shown in Panel C is a new session in which GPT-4 was asked to read and
validate the conversation shown in Panels A and B, and in doing so, GPT-4 detected the …","<selenium.webdriver.remote.webelement.WebElement (session=""5046c79aea5ea6d15e7e98771040090b"", element=""03e791e9-ae1f-4393-9bbc-736bd5ab0b97"")>",被引用次数：187,没有链接
The internet as a GPT: factor market implications,"RG Harris - General purpose technologies and economic growth, 1998 - books.google.com","The concept of a general purpose technology is subject to a variety of interpretations as
discussed by Lipsey et al. in chapter 2. The original analytical models of Bresnahan and …","<selenium.webdriver.remote.webelement.WebElement (session=""5046c79aea5ea6d15e7e98771040090b"", element=""6c4e49e5-5dde-4bca-b4bf-5b0820bb1364"")>",被引用次数：142,没有链接
Capabilities of gpt-4 on medical challenge problems,"H Nori, N King, SM McKinney, D Carignan… - arXiv preprint arXiv …, 2023 - arxiv.org","… GPT-4 on medical challenge problems. To establish strong baselines for comparison, we
evaluate GPT-4 against GPT-… -of-the-box” performance numbers for GPT-4. To that end, we use …","<selenium.webdriver.remote.webelement.WebElement (session=""5046c79aea5ea6d15e7e98771040090b"", element=""f9b7fae8-b954-45f4-969b-6b81cda398ca"")>",被引用次数：142,https://arxiv.org/pdf/2303.13375
How good are gpt models at machine translation? a comprehensive evaluation,"A Hendy, M Abdelrehim, A Sharaf, V Raunak… - arXiv preprint arXiv …, 2023 - arxiv.org","… Our results show that GPT models achieve very competitive … We also show that hybrid
approaches, which combine GPT … understand the characteristics of GPT translations. We hope that …","<selenium.webdriver.remote.webelement.WebElement (session=""5046c79aea5ea6d15e7e98771040090b"", element=""cc087c6c-0044-4729-a146-88306d751739"")>",被引用次数：142,https://arxiv.org/pdf/2302.09210
Potential use of Chat GPT in global warming,"SS Biswas - Annals of biomedical engineering, 2023 - Springer","… concepts GPT was trained on a large corpus of text, but it may … GPT may not have the ability
to understand the context in which questions are being asked. (3) Bias in training data GPT …","<selenium.webdriver.remote.webelement.WebElement (session=""5046c79aea5ea6d15e7e98771040090b"", element=""82b756bc-8317-460c-94c4-b17242df7651"")>",被引用次数：142,没有链接
Acclimation of metabolism to light in Arabidopsis thaliana: the glucose 6‐phosphate/phosphate translocator GPT2 directs metabolic acclimation,"BC Dyson, JW Allwood, R Feil, YUN Xu… - Plant, cell & …, 2015 - Wiley Online Library","… Here, we examine the impact of GPT 2 on leaf metabolism … We suggest that GPT 2 activity
results in the net import of glucose … We suggest that GPT 2 alters the distribution of metabolites …","<selenium.webdriver.remote.webelement.WebElement (session=""5046c79aea5ea6d15e7e98771040090b"", element=""88cc5462-158e-41ac-9874-8ba6fdd0aaf0"")>",被引用次数：142,https://onlinelibrary.wiley.com/doi/pdf/10.1111/pce.12495
[引用] Who Were the 10 Best and 10 Worst US Presidents? The Opinion of Chat GPT (Artificial Intelligence),"RW McGee - … Opinion of Chat GPT (Artificial Intelligence)(February …, 2023",无,"<selenium.webdriver.remote.webelement.WebElement (session=""5046c79aea5ea6d15e7e98771040090b"", element=""4ae5f9d4-1833-444f-8e5e-1b206d19c0ad"")>",被引用次数：142,https://www.researchgate.net/profile/Robert-Mcgee-5/publication/368719515_WHO_WERE_THE_10_BEST_AND_10_WORST_US_PRESIDENTS_The_Opinion_of_Chat_GPT_Artificial_Intelligence/links/63f701b10cf1030a5643cb93/WHO-WERE-THE-10-BEST-AND-10-WORST-US-PRESIDENTS-The-Opinion-of-Chat-GPT-Artificial-Intelligence.pdf
Unleash GPT-2 power for event detection,"APB Veyseh, V Lai, F Dernoncourt… - Proceedings of the 59th …, 2021 - aclanthology.org","… for the fine-tuning of GPT to differentiate event types and produce high-quality data. To
this end, instead of directly generating data for ED, we propose to use GPT-2 to only generate …","<selenium.webdriver.remote.webelement.WebElement (session=""5046c79aea5ea6d15e7e98771040090b"", element=""a74da3a5-1f82-44ac-ae4c-71722a9ea314"")>",被引用次数：142,https://aclanthology.org/2021.acl-long.490.pdf
Want to reduce labeling cost? GPT-3 can help,"S Wang, Y Liu, Y Xu, C Zhu, M Zeng - arXiv preprint arXiv:2108.13487, 2021 - arxiv.org","… models trained with GPT-3 labels can achieve better performance than raw GPT-3. … GPT-3
labeling. Finally, we propose active labeling to leverage the advantages from human and GPT-…","<selenium.webdriver.remote.webelement.WebElement (session=""5046c79aea5ea6d15e7e98771040090b"", element=""c701cf52-82aa-4892-8ae0-1f78890d142d"")>",被引用次数：142,https://arxiv.org/pdf/2108.13487
"Exploring transformers in natural language generation: Gpt, bert, and xlnet","MO Topal, A Bas, I van Heerden - arXiv preprint arXiv:2102.08036, 2021 - arxiv.org","… We analyze the implications of three key Transformerbased models—GPT-3, BERT, and
XLNet… models, but their focus on Transformers is limited and does not include GPT-3 or XLNet. …","<selenium.webdriver.remote.webelement.WebElement (session=""5046c79aea5ea6d15e7e98771040090b"", element=""3ba976ec-22ba-43fe-bfb3-550c6971079e"")>",被引用次数：142,https://arxiv.org/pdf/2102.08036
Instruction tuning with gpt-4,"B Peng, C Li, P He, M Galley, J Gao - arXiv preprint arXiv:2304.03277, 2023 - arxiv.org","… instruction-following data generated by GPT-4 leads to superior zero-… GPT-4 to enable a
comprehensive evaluation and reward model training. We make our data generated using GPT…","<selenium.webdriver.remote.webelement.WebElement (session=""5046c79aea5ea6d15e7e98771040090b"", element=""b9e0079a-3be8-490b-820b-235dff3022f5"")>",被引用次数：142,https://arxiv.org/pdf/2304.03277
A new structural attack for GPT and variants,"R Overbeck - Progress in Cryptology–Mycrypt 2005: First …, 2005 - Springer","… In this paper we build a new structural attack on the GPT cryptosystem. Unlike Gibson’s attacks
… the GPT cryptosystem and its Niederreiter variant. Finally we show how to attack the GPT …","<selenium.webdriver.remote.webelement.WebElement (session=""5046c79aea5ea6d15e7e98771040090b"", element=""76b390b5-0a2c-497e-a329-85d4051ee57d"")>",被引用次数：93,没有链接
Sgpt: Gpt sentence embeddings for semantic search,"N Muennighoff - arXiv preprint arXiv:2202.08904, 2022 - arxiv.org","GPT transformers are the largest language models available, yet semantic search is dominated
by BERT transformers. We present SGPT-BE and SGPT-CE for applying GPT models as …","<selenium.webdriver.remote.webelement.WebElement (session=""5046c79aea5ea6d15e7e98771040090b"", element=""47e44b94-a6d5-4fdd-b744-58ebb5b42821"")>",被引用次数：93,https://arxiv.org/pdf/2202.08904
Automatic text summarization of covid-19 medical research articles using bert and gpt-2,"V Kieuvongngam, B Tan, Y Niu - arXiv preprint arXiv:2006.01997, 2020 - arxiv.org","With the COVID-19 pandemic, there is a growing urgency for medical community to keep up
with the accelerating growth in the new coronavirus-related literature. As a result, the COVID-…","<selenium.webdriver.remote.webelement.WebElement (session=""5046c79aea5ea6d15e7e98771040090b"", element=""d19d3fa0-8925-4e88-ab44-6ea545caccab"")>",被引用次数：93,https://arxiv.org/pdf/2006.01997
"Human glutamate pyruvate transaminase (GPT): localization to 8q24. 3, cDNA and genomic sequences, and polymorphic sites","MM Sohocki, LS Sullivan, WR Harrison, EJ Sodergren… - Genomics, 1997 - Elsevier","… cDNA and genomic clones of GPT. We have definitively mapped human GPT to the …
The rat gpt cDNA was labeled by the random primer GPT cDNA. A human liver cDNA library, …","<selenium.webdriver.remote.webelement.WebElement (session=""5046c79aea5ea6d15e7e98771040090b"", element=""25efbaee-d3a6-4158-959c-2b8ffcf1b232"")>",被引用次数：93,没有链接
Is chat gpt biased against conservatives? an empirical study,"RW McGee - An Empirical Study (February 15, 2023), 2023 - papers.ssrn.com","This paper used Chat GPT to create Irish Limericks. During the creation process, a pattern
was observed that seemed to create positive Limericks for liberal politicians and negative …","<selenium.webdriver.remote.webelement.WebElement (session=""5046c79aea5ea6d15e7e98771040090b"", element=""944a5411-605b-466b-8067-a631fa2696ec"")>",被引用次数：93,https://www.researchgate.net/profile/Robert-Mcgee-5/publication/368621918_Is_Chat_Gpt_Biased_Against_Conservatives_An_Empirical_Study/links/641caf9da1b72772e420b3b4/Is-Chat-Gpt-Biased-Against-Conservatives-An-Empirical-Study.pdf
[引用] Annie Chan: Three Short Stories Written with Chat GPT,"RW McGee - Available at SSRN 4359403, 2023",无,"<selenium.webdriver.remote.webelement.WebElement (session=""5046c79aea5ea6d15e7e98771040090b"", element=""d8dd95ad-cd96-4093-b2e0-cc8ad2bbb5d0"")>",被引用次数：93,https://www.researchgate.net/profile/Robert-Mcgee-5/publication/368536148_ANNIE_CHAN_Three_Short_Stories_Written_with_Chat_GPT/links/63ed35b531cb6a6d1d04768b/ANNIE-CHAN-Three-Short-Stories-Written-with-Chat-GPT.pdf
Generalized perturbation theory (GPT) methods. A heuristic approach,"A Gandini - Advances in Nuclear Science and Technology …, 1987 - Springer","… Basing on a long experience on GPT methods, it is the purpose of this work to illustrate
the GPT methodology in a self-consistent way and extensively, in order to cover a variety of …","<selenium.webdriver.remote.webelement.WebElement (session=""5046c79aea5ea6d15e7e98771040090b"", element=""f67887ff-7d31-4be5-acb8-c813774fbcd3"")>",被引用次数：93,没有链接
Gpt-based generation for classical chinese poetry,"Y Liao, Y Wang, Q Liu, X Jiang - arXiv preprint arXiv:1907.00151, 2019 - arxiv.org","… In contrast with the existing methods, we propose a poetry generation method based on
the pre-trained model GPT. The underlying model of our proposed method is simply a GPT …","<selenium.webdriver.remote.webelement.WebElement (session=""5046c79aea5ea6d15e7e98771040090b"", element=""c077b8c3-5dd1-4d82-9484-5dbe09ec9ac4"")>",被引用次数：93,https://arxiv.org/pdf/1907.00151
[HTML] Artificial Intelligence and Ten Societal Megatrends: An Exploratory Study Using GPT-3,"D Haluza, D Jungwirth - Systems, 2023 - mdpi.com","This paper examines the potential of artificial intelligence (AI) to address societal megatrends,
with a specific focus on OpenAI’s Generative Pre-Trained Transformer 3 (GPT-3). To do …","<selenium.webdriver.remote.webelement.WebElement (session=""5046c79aea5ea6d15e7e98771040090b"", element=""2a15a3ef-bdee-4aa8-99f7-579fb713facd"")>",被引用次数：93,https://www.mdpi.com/2079-8954/11/3/120
NLX-GPT: A model for natural language explanations in vision and vision-language tasks,"F Sammani, T Mukherjee… - Proceedings of the …, 2022 - openaccess.thecvf.com","… model (aka, explanation model), eg, GPT. Other than the additional memory resources and
inference … We introduce NLX-GPT, a general, compact and faithful language model that can …","<selenium.webdriver.remote.webelement.WebElement (session=""5046c79aea5ea6d15e7e98771040090b"", element=""3945e17a-cfd9-4035-82b8-3d4e9663ad60"")>",被引用次数：93,https://openaccess.thecvf.com/content/CVPR2022/papers/Sammani_NLX-GPT_A_Model_for_Natural_Language_Explanations_in_Vision_and_CVPR_2022_paper.pdf
Detecting hate speech with gpt-3,"KL Chiu, A Collins, R Alexander - arXiv preprint arXiv:2103.12407, 2021 - arxiv.org","… such as OpenAI’s GPT-3 can generate hateful … GPT-3 to identify sexist and racist text passages
with zero-, one-, and few-shot learning. We find that with zero- and one-shot learning, GPT…","<selenium.webdriver.remote.webelement.WebElement (session=""5046c79aea5ea6d15e7e98771040090b"", element=""153d9dfa-79ed-4bf2-ad0c-cfa6d1694b12"")>",被引用次数：31,https://arxiv.org/pdf/2103.12407
Enhanced Spontaneous and Benzo(a)pyrene-Induced Mutations in the Lung of Nrf2-Deficient gpt Delta Mice,"Y Aoki, AH Hashimoto, K Amanuma, M Matsumoto… - Cancer research, 2007 - AACR","… transgenic mice harboring guanine phosphoribosyltransferase (gpt) gene as a target gene
… +/− ::gpt and nrf2 −/− ::gpt mice. The spontaneous mutation frequency of the gpt gene in the …","<selenium.webdriver.remote.webelement.WebElement (session=""5046c79aea5ea6d15e7e98771040090b"", element=""7abf9fc1-3a32-4966-9227-479c91339849"")>",被引用次数：31,https://www.researchgate.net/profile/Ken-Itoh/publication/6262255_Enhanced_Spontaneous_and_Benzoapyrene-Induced_Mutations_in_the_Lung_of_Nrf2-Deficient_gpt_Delta_Mice/links/00b495240c50042a22000000/Enhanced-Spontaneous-and-Benzoapyrene-Induced-Mutations-in-the-Lung-of-Nrf2-Deficient-gpt-Delta-Mice.pdf
[PDF] GPT: a tool for planning with uncertainty and partial information,"B Bonet, H Geffner - Proc. IJCAI-01 Workshop on Planning with Uncertainty …, 2001 - Citeseer","… We describe the GPT system and its utilization over a number of examples. GPT (General …
4, we show GPT’s language with an example and give an overview of its syntax. At the end, …","<selenium.webdriver.remote.webelement.WebElement (session=""5046c79aea5ea6d15e7e98771040090b"", element=""d4e2bd18-ac10-4815-bc48-baecad6d431a"")>",被引用次数：31,https://citeseerx.ist.psu.edu/document?repid=rep1&type=pdf&doi=b0fe9cf6f8a8926e8a723942b0e41aacab479a66
"Kaikasaponin III and Soyasaponin I, Major Triterpene Saponins of Abrus cantoniensis, act on GOT and GPT: Influence on Transaminase Elevation of Rat Liver Cells …","H Miyao, T Arao, M Udayama, J Kinjo… - Planta Medica, 1998 - thieme-connect.com","… the levels of glutamic pyruvic transaminase (GPT) and glutamic oxaloacetic transaminase
(GOT). Soyasaponin I inhibited the elevation of GOT and GPT activities. The activities were …","<selenium.webdriver.remote.webelement.WebElement (session=""5046c79aea5ea6d15e7e98771040090b"", element=""e87efadd-3461-4f34-b792-571e6717aa05"")>",被引用次数：31,没有链接
GPT: an Excel spreadsheet for thermobarometric calculations in metapelitic rocks,"J Reche, FJ Martinez - Computers & Geosciences, 1996 - Elsevier","… In its present version, GPT mainly is oriented to pelitic or quartzo-feldspatic … of each that
are now supported by GPT. Mineral analyses easily can be imported into GPT (Fig. 1). Three …","<selenium.webdriver.remote.webelement.WebElement (session=""5046c79aea5ea6d15e7e98771040090b"", element=""a0f0756d-6c87-4368-970f-26717f6d5ea5"")>",被引用次数：31,没有链接
[HTML] Considering the possibilities and pitfalls of Generative Pre-trained Transformer 3 (GPT-3) in healthcare delivery,"DM Korngiebel, SD Mooney - NPJ Digital Medicine, 2021 - nature.com","… GPT-3 and other technologies are getting close to passing a Turing Test, an assessment
of … recently acquired an exclusive license from OpenAI for GPT-3 5 . As with so many …","<selenium.webdriver.remote.webelement.WebElement (session=""5046c79aea5ea6d15e7e98771040090b"", element=""56a04f8f-d25d-4a6e-9478-a8a952f25da0"")>",被引用次数：31,https://www.nature.com/articles/s41746-021-00464-x
Molecular analysis of spontaneous mutations at the gpt locus in Chinese hamster ovary (AS52) cells,"KR Tindall, LF Stankowski Jr - Mutation Research/Reviews in Genetic …, 1989 - Elsevier","… The gpt locus in AS52 cells is extremely stable, giving rise to … gpt sequences in vitro. The
PCR product was then sequenced without further cloning manipulations to directly identify gpt …","<selenium.webdriver.remote.webelement.WebElement (session=""5046c79aea5ea6d15e7e98771040090b"", element=""97c6912f-8041-40c9-840c-0e92a7e3e65f"")>",被引用次数：31,没有链接
"Heavy‐ion‐induced mutations in the gpt delta transgenic mouse: Comparison of mutation spectra induced by heavy‐ion, X‐ray, and γ‐ray radiation","K Masumura, K Kuniya, T Kurobe… - Environmental and …, 2002 - Wiley Online Library","… by heavy particle radiation, gpt delta transgenic mice were … and gpt mutations, respectively.
Two days after 10 Gy of whole‐body irradiation, the mutant frequencies (MFs) of Spi ‐ and gpt …","<selenium.webdriver.remote.webelement.WebElement (session=""5046c79aea5ea6d15e7e98771040090b"", element=""abb6f7ed-ffb8-4997-a08e-6b79aa6605b7"")>",被引用次数：31,没有链接
3D space-charge model for GPT simulations of high brightness electron bunches,"SB Van Der Geer, OJ Luiten, MJ De Loos… - Institute of Physics …, 2005 - books.google.com","For the simulation of high-brightness electron bunches, a new 3D space-charge model is
being implemented in the General Particle Tracer (GPT) code. It is based on a non-equidistant …","<selenium.webdriver.remote.webelement.WebElement (session=""5046c79aea5ea6d15e7e98771040090b"", element=""f08fd3a1-0888-42bd-9af8-5318fdd7a88e"")>",被引用次数：31,https://inspirehep.net/files/8812f03d97ce7513a5baff557975cf6b#page=109
[PDF] How chat GPT can transform autodidactic experiences and open education,"M Firat - Department of Distance Education, Open Education …, 2023 - researchgate.net","… connect with Chat GPT, and Chat GPT will respond … GPT is often built to be able to manage
multiple concurrent chats with various users. The GPT-3 language model is used by Chat GPT…","<selenium.webdriver.remote.webelement.WebElement (session=""5046c79aea5ea6d15e7e98771040090b"", element=""bc44353f-2eeb-4c5b-8102-680397239aed"")>",被引用次数：31,https://www.researchgate.net/profile/Mehmet-Firat-4/publication/367613715_How_Chat_GPT_Can_Transform_Autodidactic_Experiences_and_Open_Education/links/642d1d67ad9b6d17dc37cd53/How-Chat-GPT-Can-Transform-Autodidactic-Experiences-and-Open-Education.pdf
[PDF] Artificial intelligence as the next GPT: A political-economy perspective,"M Trajtenberg - The economics of artificial intelligence: An agenda, 2018 - nber.org","… , be it in services that directly benefit from the growth of the GPT (eg, the venture capital (VC) …
the unfolding GPT (“laggards”), and those in industries where the adoption of the new GPT …","<selenium.webdriver.remote.webelement.WebElement (session=""5046c79aea5ea6d15e7e98771040090b"", element=""e688531f-e25e-47c1-916a-71bd132b5e72"")>",被引用次数：53,https://www.nber.org/system/files/chapters/c14025/c14025.pdf
Various S-GOT/S-GPT ratios in nonviral liver disorders and related physical conditions and life-style,"M Mukai, K Ozasa, K Hayashi, K Kawai - Digestive diseases and sciences, 2002 - Springer","… and alcoholic fatty liver, whereas GPT is dominant for those with hepatic … /GPT ratio that
was presented in the above reports and from the patient’s results regarding serum GOT and GPT …","<selenium.webdriver.remote.webelement.WebElement (session=""5046c79aea5ea6d15e7e98771040090b"", element=""cac30b4b-9bc7-4921-9e61-445f9e93c9d8"")>",被引用次数：53,没有链接
[HTML] Radiation induced COX-2 expression and mutagenesis at non-targeted lung tissues of gpt delta transgenic mice,"Y Chai, GM Calaf, H Zhou, SA Ghandhi… - British journal of …, 2013 - nature.com","… In this study, we used gpt delta transgenic mouse model to study radiation-induced
mutagenesis in non-targeted tissues after PBIR. In contrast to previous in vivo bystander studies …","<selenium.webdriver.remote.webelement.WebElement (session=""5046c79aea5ea6d15e7e98771040090b"", element=""ac6803b1-3885-4fd9-9bfa-57860b2887db"")>",被引用次数：53,https://www.nature.com/articles/bjc2012498
Serum glutamic-oxaloacetic transaminase (GOT) and glutamic-pyruvic transaminase (GPT) levels in children and adolescents with intellectual disabilities,"JD Lin, PY Lin, LM Chen, WH Fang, LP Lin… - Research in …, 2010 - Elsevier","… The present paper aims to provide the profile of GOT and GPT, and their associated … rate
of GOT and GPT were 3.7% and 7.2%, the study indicates the elevated GPT in children and …","<selenium.webdriver.remote.webelement.WebElement (session=""5046c79aea5ea6d15e7e98771040090b"", element=""f04e0e62-1ae3-4e70-bc73-0a5ba21e2dc1"")>",被引用次数：53,没有链接
Synthetic Biological Signals Machine-generated by GPT-2 improve the Classification of EEG and EMG through Data Augmentation,"JJ Bird, M Pritchard, A Fratini, A Ekárt… - IEEE Robotics and …, 2021 - ieeexplore.ieee.org","… We show for the first time that multiple GPT-2 models can machine-generate … GPT-2 generated
EEG data can classify a real EEG dataset at 74.71% accuracy and models trained on GPT-…","<selenium.webdriver.remote.webelement.WebElement (session=""5046c79aea5ea6d15e7e98771040090b"", element=""ca8a5eed-e876-42f7-89f9-87f701bbb927"")>",被引用次数：53,https://publications.aston.ac.uk/id/eprint/42292/1/09345373.pdf
Glutamic oxaloacetic transaminase (GOT) and glutamic pyruvic transaminase (GPT) enzyme activities in different tissues of Sarotherodon mossambicus (Peters) …,"M Ramaswamy, P Thangavel… - Pesticide …, 1999 - Wiley Online Library","The activity levels of glutamic oxaloacetic transaminase (GOT) and glutamic pyruvic
transaminase (GPT) enzymes were estimated in liver, muscle and brain tissues of the fish, …","<selenium.webdriver.remote.webelement.WebElement (session=""5046c79aea5ea6d15e7e98771040090b"", element=""42c1dc61-95d9-42a5-af16-8fa10ef6f7ac"")>",被引用次数：53,没有链接
GPT-2's activations predict the degree of semantic comprehension in the human brain,"C Caucheteux, A Gramfort, JR King - BioRxiv, 2021 - biorxiv.org","… that the representations of GPT-2 not only … GPT-2’s activations, and correlate this mapping
with subjects’ comprehension scores as assessed for each story. The results show that GPT-2’…","<selenium.webdriver.remote.webelement.WebElement (session=""5046c79aea5ea6d15e7e98771040090b"", element=""2303ede2-386f-4973-9ace-9542e8f2f49a"")>",被引用次数：53,https://www.biorxiv.org/content/10.1101/2021.04.20.440622.full.pdf
Leveraging GPT-4 for post hoc transformation of free-text radiology reports into structured reporting: a multilingual feasibility study,"LC Adams, D Truhn, F Busch, A Kader, SM Niehues… - Radiology, 2023 - pubs.rsna.org","… We assessed GPT-4's feasibility for transforming free-text radiology reports into
structured reports through data preparation, template creation, GPT-4 prompting, and …","<selenium.webdriver.remote.webelement.WebElement (session=""5046c79aea5ea6d15e7e98771040090b"", element=""cd21881a-650c-4153-bb92-7e030490fb9c"")>",被引用次数：53,没有链接
In vitro rumen methane output of red clover and perennial ryegrass assayed using the gas production technique (GPT),"A Navarro-Villa, M O'Brien, S López, TM Boland… - Animal Feed Science …, 2011 - Elsevier","… The in vitro rumen methane output was assayed using the GPT. … At the time of the in vitro
rumen GPT incubations, sub-samples (2 g) of each feedstuff were oven-dried at 98 C for 48 h for …","<selenium.webdriver.remote.webelement.WebElement (session=""5046c79aea5ea6d15e7e98771040090b"", element=""d775dffa-2b85-427c-b05e-c50b6fe67b40"")>",被引用次数：53,没有链接
"Who is GPT-3? An exploration of personality, values and demographics","M Miotto, N Rossberg, B Kleinberg - arXiv preprint arXiv:2209.14338, 2022 - arxiv.org","… GPT-3 to assess its personality, the values it holds and its self-reported demographics. Our
results show that GPT… We provide the first evidence of psychological assessment of the GPT-3 …","<selenium.webdriver.remote.webelement.WebElement (session=""5046c79aea5ea6d15e7e98771040090b"", element=""493325e1-e82d-4410-b305-52454e55b74a"")>",被引用次数：53,https://arxiv.org/pdf/2209.14338
Gpt-4 passes the bar exam,"DM Katz, MJ Bommarito, S Gao… - Available at SSRN …, 2023 - papers.ssrn.com","… members of the GPT family and the alpha version of GPT-4 we used for this study. GPT-4
delivers … In addition, GPT-4’s MBE score is not only more than 15% above the minimum passing …","<selenium.webdriver.remote.webelement.WebElement (session=""5046c79aea5ea6d15e7e98771040090b"", element=""3dd4ffc7-ad41-49be-b7e2-70a0b638c92d"")>",被引用次数：8,https://www.datascienceassn.org/sites/default/files/GPT-4%20Passes%20the%20Bar%20Exam.pdf
Role of Chat GPT in public health,"SS Biswas - Annals of Biomedical Engineering, 2023 - Springer","ChatGPT, a language model developed by OpenAI, has the potential to play a role in public
health. With its ability to generate human-like text based on large amounts of data, ChatGPT …","<selenium.webdriver.remote.webelement.WebElement (session=""5046c79aea5ea6d15e7e98771040090b"", element=""38f32740-4363-4008-a4f1-4c39fb13351b"")>",被引用次数：8,https://www.researchgate.net/profile/Som-Biswas-2/publication/369269117_Role_of_Chat_GPT_in_Public_Health/links/6412c5a792cfd54f84044415/Role-of-Chat-GPT-in-Public-Health.pdf
BLCU_NLP at SemEval-2019 task 7: An inference chain-based GPT model for rumour evaluation,"R Yang, W Xie, C Liu, D Yu - Proceedings of the 13th international …, 2019 - aclanthology.org","Researchers have been paying increasing attention to rumour evaluation due to the rapid
spread of unsubstantiated rumours on social media platforms, including SemEval 2019 task 7. …","<selenium.webdriver.remote.webelement.WebElement (session=""5046c79aea5ea6d15e7e98771040090b"", element=""54cb878e-fbfe-4005-9ecf-b230283d0dd4"")>",被引用次数：8,https://aclanthology.org/S19-2191.pdf
A text generation and prediction system: pre-training on new corpora using BERT and GPT-2,"Y Qu, P Liu, W Song, L Liu… - 2020 IEEE 10th …, 2020 - ieeexplore.ieee.org","… The OpenAI GPT-2 and BERT models are currently widely used language models for text …
This paper will use two new corpora to train OpenAI GPT-2 model, used to generate long …","<selenium.webdriver.remote.webelement.WebElement (session=""5046c79aea5ea6d15e7e98771040090b"", element=""9d2d053c-f18c-48f6-8526-7c888f7a5bc2"")>",被引用次数：8,没有链接
Spectra of gpt mutations in ethylnitrosourea‐treated and untreated transgenic mice,"K Masumura, M Matsui, M Katoh… - Environmental and …, 1999 - Wiley Online Library","… frequency of gpt in bone marrow. Here, we report the mutation spectra of the gpt gene
recovered from bone marrow of ENU-treated and untreated transgenic mice. In the gpt mutants …","<selenium.webdriver.remote.webelement.WebElement (session=""5046c79aea5ea6d15e7e98771040090b"", element=""1db119a1-0441-47d7-a4e9-49860a19310e"")>",被引用次数：8,没有链接
[PDF] Ethics Committees Can Be Unethical: The Chat GPT Response,RW McGee - 2023 - researchgate.net,"This paper addresses the issue of whether Institutional Review Boards (IRBs) act unethically
and abuse their power when they require their employees to first obtain permission in order …","<selenium.webdriver.remote.webelement.WebElement (session=""5046c79aea5ea6d15e7e98771040090b"", element=""1ead1fca-1a58-4a3b-9acc-460b61976f4c"")>",被引用次数：8,https://www.researchgate.net/profile/Robert-Mcgee-5/publication/369328145_ETHICS_COMMITTEES_CAN_BE_UNETHICAL_The_ChatGPT_Response/links/6414d563315dfb4cce89e828/ETHICS-COMMITTEES-CAN-BE-UNETHICAL-The-ChatGPT-Response.pdf
Site-Specific In Vivo Mutagenicity in the Kidney of gpt Delta Rats Given a Carcinogenic Dose of Ochratoxin A,"D Hibi, Y Suzuki, Y Ishii, M Jin, M Watanabe… - Toxicological …, 2011 - academic.oup.com","… In the present study, a 13-week exposure of gpt delta rats to OTA at a carcinogenic dose …
gpt mutations caused by OTA exposure, we determined the gpt mutation spectra in the gpt …","<selenium.webdriver.remote.webelement.WebElement (session=""5046c79aea5ea6d15e7e98771040090b"", element=""8927d35d-3bc6-4b2e-a0e8-8cc88131b82b"")>",被引用次数：8,https://academic.oup.com/toxsci/article/122/2/406/1681058
GPT. EXE: A powerful tool for the visualization and analysis of general processing tree models,"X Hu, GA Phillips - Behavior Research Methods, Instruments, & …, 1999 - Springer","… This paper introduces GPT.EXE, a computer program for designing and implementing
general processing tree (GPT) models. First, designing and building GPT models using this …","<selenium.webdriver.remote.webelement.WebElement (session=""5046c79aea5ea6d15e7e98771040090b"", element=""4e5bb9d8-65ce-4e6a-96c5-0a9367e61d3f"")>",被引用次数：8,https://link.springer.com/content/pdf/10.3758/BF03207714.pdf
Gpt-3 models are poor few-shot learners in the biomedical domain,"M Moradi, K Blagec, F Haberl, M Samwald - arXiv preprint arXiv …, 2021 - arxiv.org","… transformer language models, ie GPT-3 and BioBERT, in few-… Although GPT-3 had already
achieved near state-of-the-art … is orders of magnitude smaller than GPT-3. Regarding that …","<selenium.webdriver.remote.webelement.WebElement (session=""5046c79aea5ea6d15e7e98771040090b"", element=""fc6e3e72-9dee-4956-885a-d66c9c750308"")>",被引用次数：8,https://arxiv.org/pdf/2109.02555
"Chat2vis: Generating data visualisations via natural language using chatgpt, codex and gpt-3 large language models","P Maddigan, T Susnjak - arXiv preprint arXiv:2302.02094, 2023 - arxiv.org","… language models (LLMs) such as ChatGPT and GPT-3 to convert free-form natural language
… This work compares the performance of GPT-3, Codex and ChatGPT across a number of …","<selenium.webdriver.remote.webelement.WebElement (session=""5046c79aea5ea6d15e7e98771040090b"", element=""744aebcb-2896-452e-910c-2240afacb222"")>",被引用次数：8,https://arxiv.org/pdf/2302.02094
Insertion of the bacterial gpt gene into the germ line of mice by retroviral infection.,"D Jähner, K Haase, R Mulligan… - Proceedings of the …, 1985 - National Acad Sciences","Mouse substrains genetically transmitting the exogenous Moloney murine leukemia virus (Mo-MuLV)
at a single locus have been derived previously by infection of preimplantation …","<selenium.webdriver.remote.webelement.WebElement (session=""5046c79aea5ea6d15e7e98771040090b"", element=""753a6a8c-44ad-4785-b5a6-e0c796aa2eae"")>",被引用次数：148,https://www.pnas.org/doi/pdf/10.1073/pnas.82.20.6927
"GPT‐Driven, Endogenous Growth","KI Carlaw, RG Lipsey - The Economic Journal, 2006 - academic.oup.com","… First, we follow all of the first generation GPT models in assuming that there is only one
GPT in existence at any one time. This gives the growth process a more homogeneous …",补全,被引用次数：148,没有链接
